run_id,cf,cf_length,problem_rows,problem_cols,problem_elements,presolve_rows,presolve_cols,lp_relaxation,root_after_cuts,root_passes,best_objective,lower_bound,gap,nodes,iterations,wallclock_sec,status,strong_branching_count,max_depth,vars_fixed_reduced_cost,probing_cuts,gomory_cuts,knapsack_cuts,clique_cuts,mir_cuts,flowcover_cuts,twomir_cuts,zerohalf_cuts,implication_cuts,dissonant_upbeats,total_upbeats,conjunct_motions,total_motions,contrary_motions,total_moving,turns,total_turn_positions,climax_pitch,climax_subbeat
1,[0;-5;-7;-8;-7;-10;-5;-8;-10;-12],10,753,593,3123,296,214,-14.0,-12.955529,100,-11.0,-11.0,0.0,104,11986,1.59,Optimal,1342,21,681,497,1250,118,1,190,5,342,1,70,,,7,9,8,9,2,8,12,9
2,[0;2;4;2;5;7;5;4;2;0],10,751,593,3119,267,193,-13.8,-9.9244687,100,-8.0,-8.0,0.0,67,9812,2.14,Optimal,1104,16,760,1471,1332,118,1,42,7,493,276,91,,,7,9,6,9,3,8,14,3
3,[0;4;5;7;4;5;2;0],8,575,469,2375,181,132,-9.90741,-8.365444,100,-6.0,-6.0,0.0,40,6921,1.35,Optimal,644,17,244,508,931,5,0,11,2,202,125,68,,,5,7,6,7,3,6,16,4
4,[0;2;0;4;5;4;2;0],8,575,469,2375,190,143,-10.0,-7.0,100,-6.0,-6.0,0.0,58,7203,1.53,Optimal,908,13,470,761,1484,98,1,133,33,347,161,84,,,6,7,5,7,3,6,17,2
5,[0;7;9;7;5;4;2;0],8,576,469,2377,166,110,-10.8333,-6.5103478,100,-5.0,-5.0,0.0,20,4179,0.56,Optimal,382,6,141,248,1402,35,0,48,24,201,1,10,,,5,7,5,7,3,6,19,5
6,[0;2;5;4;7;5;4;2;0],9,663,531,2747,224,163,-12.0,-8.780097,100,-7.0,-7.0,0.0,59,7266,1.63,Optimal,1056,10,503,882,801,6,0,20,17,403,179,112,,,6,8,6,8,3,7,19,6
7,[0;4;2;5;7;9;7;5;2;0],10,751,593,3119,247,178,-13.6111,-10.838063,100,-9.0,-9.0,0.0,64,7654,1.79,Optimal,870,17,403,779,1535,111,0,13,21,391,290,85,,,7,9,7,9,3,8,19,2
8,[0;2;4;7;9;7;5;4;2;0],10,751,593,3119,253,186,-14.6111,-9.710172,100,-7.0,-7.0,0.0,86,11525,1.52,Optimal,1232,18,1023,1706,1997,92,0,59,10,424,1,88,,,6,9,7,9,4,8,19,7
9,[0;5;7;9;7;4;5;2;0],9,664,531,2749,199,134,-11.7222,-8.5005107,100,-8.0,-8.0,0.0,7,4704,1.01,Optimal,270,5,55,312,1806,84,0,27,13,394,116,23,,,7,8,5,8,2,7,16,5
10,[0;2;4;5;9;7;5;4;2;0],10,751,593,3119,251,188,-14.6111,-10.254995,100,-7.0,-7.0,0.0,120,12416,2.91,Optimal,1694,20,1236,2238,976,122,0,41,15,252,316,135,,,,,,,,,,
11,[0;2;4;5;7;4;5;9;7;5;4;2;0],13,1015,779,4235,368,264,-19.4722,-14.40762,91,-10.0,-10.0,0.0,240,23573,3.46,Optimal,3206,17,3374,3130,1667,275,0,12,9,549,0,276,,,8,12,7,12,3,11,19,5
12,[0;4;5;7;9;7;5;4;2;4;2;0],12,927,717,3863,327,240,-17.6111,-13.321481,100,-12.0,-12.0,0.0,51,9699,1.7,Optimal,868,17,624,631,840,99,2,89,16,309,1,37,,,9,11,8,11,3,10,21,8
13,[0;2;5;7;9;5;7;4;2;0],10,751,593,3119,252,181,-13.6111,-9.736565,100,-7.0,-7.0,0.0,91,10054,1.31,Optimal,1176,17,730,1109,1352,134,0,44,29,431,0,48,,,8,9,6,9,5,8,14,5
14,[0;2;4;5;7;5;4;-1;0],9,664,531,2749,234,180,-12.8056,-9.0,100,-7.0,-7.0,0.0,76,11123,1.9,Optimal,1140,15,270,872,1560,93,1,53,26,404,217,212,,,6,8,5,8,2,7,16,6
15,[0;4;5;7;9;7;5;-1;0],9,664,531,2749,218,167,-12.6111,-8.3485627,100,-7.0,-7.0,0.0,13,5900,1.23,Optimal,378,5,43,270,1574,8,0,18,20,363,151,17,,,6,8,5,8,2,7,17,6
16,[0;2;5;7;4;5;-1;0],8,576,469,2377,196,150,-9.90741,-6.9471533,100,-6.0,-6.0,0.0,33,5283,1.3,Optimal,588,14,142,674,564,41,0,9,9,217,91,51,,,5,7,5,7,2,6,19,4
17,[0;2;4;5;7;5;4;0],8,575,469,2375,142,108,-10.8056,-7.796243,100,-6.0,-6.0,0.0,29,4276,0.99,Optimal,478,10,241,348,693,58,0,108,72,257,176,51,,,5,7,5,7,2,6,17,1
18,[0;4;7;5;4;0],6,399,345,1631,73,52,-7.0,-3.0,4,-2.0,-2.0,0.0,0,70,0.1,Optimal,0,0,11,33,19,2,0,3,2,43,13,0,,,3,5,3,5,2,4,19,1
19,[0;2;4;7;5;4;0],7,487,407,2003,109,81,-8.90741,-4.9538495,100,-4.0,-4.0,0.0,5,3012,0.66,Optimal,34,3,0,296,686,26,2,65,17,257,101,39,,,4,6,4,6,2,5,17,1
20,[0;2;4;5;9;7;5;4;0],9,663,531,2747,173,129,-12.6111,-8.5426019,100,-8.0,-8.0,0.0,33,5087,1.15,Optimal,618,14,77,354,925,26,1,19,17,283,65,23,,,7,8,5,8,2,7,17,1
21,[0;5;7;9;7;5;4;0],8,576,469,2377,124,86,-10.7222,-5.8246763,100,-4.0,-4.0,0.0,8,4131,0.7,Optimal,182,2,14,210,707,69,0,1,48,231,202,7,,,5,7,4,7,3,6,14,4
22,[0;2;5;7;5;4;0],7,487,407,2003,109,79,-8.90741,-5.7564859,100,-4.0,-4.0,0.0,6,2995,0.6,Optimal,32,2,5,215,1287,20,0,68,9,287,52,20,,,4,6,4,6,2,5,19,1
23,[0;4;5;7;9;5;4;0],8,575,469,2375,131,98,-10.6111,-6.4227147,100,-5.0,-5.0,0.0,18,3615,0.4,Optimal,392,5,34,454,727,44,0,23,19,214,0,52,,,5,7,4,7,2,6,21,2
24,[0;2;4;7;9;7;4;0],8,575,469,2375,,,-10.6111,,,,,,,,0.02,Infeasible,0,,,0,0,0,0,0,0,0,0,0,,,,,,,,,,
25,[0;5;4;7;5;4;0],7,488,407,2005,85,65,-8.0,-5.225056,100,-5.0,-5.0,0.0,0,2528,0.5,Optimal,0,0,0,291,551,22,0,3,26,150,102,0,,,6,6,3,6,2,5,14,1
